-- MySQL dump 10.16  Distrib 10.1.37-MariaDB, for Win32 (AMD64)
--
-- Host: localhost    Database: datauploaddb
-- ------------------------------------------------------
-- Server version	10.1.37-MariaDB

/*!40101 SET @OLD_CHARACTER_SET_CLIENT=@@CHARACTER_SET_CLIENT */;
/*!40101 SET @OLD_CHARACTER_SET_RESULTS=@@CHARACTER_SET_RESULTS */;
/*!40101 SET @OLD_COLLATION_CONNECTION=@@COLLATION_CONNECTION */;
/*!40101 SET NAMES utf8 */;
/*!40103 SET @OLD_TIME_ZONE=@@TIME_ZONE */;
/*!40103 SET TIME_ZONE='+00:00' */;
/*!40014 SET @OLD_UNIQUE_CHECKS=@@UNIQUE_CHECKS, UNIQUE_CHECKS=0 */;
/*!40014 SET @OLD_FOREIGN_KEY_CHECKS=@@FOREIGN_KEY_CHECKS, FOREIGN_KEY_CHECKS=0 */;
/*!40101 SET @OLD_SQL_MODE=@@SQL_MODE, SQL_MODE='NO_AUTO_VALUE_ON_ZERO' */;
/*!40111 SET @OLD_SQL_NOTES=@@SQL_NOTES, SQL_NOTES=0 */;

--
-- Table structure for table `alias`
--

DROP TABLE IF EXISTS `alias`;
/*!40101 SET @saved_cs_client     = @@character_set_client */;
/*!40101 SET character_set_client = utf8 */;
CREATE TABLE `alias` (
  `id` int(100) NOT NULL AUTO_INCREMENT,
  `alias` varchar(255) DEFAULT NULL,
  `tb_id` int(255) DEFAULT NULL,
  `created` datetime DEFAULT NULL,
  PRIMARY KEY (`id`)
) ENGINE=InnoDB AUTO_INCREMENT=5 DEFAULT CHARSET=latin1;
/*!40101 SET character_set_client = @saved_cs_client */;

--
-- Dumping data for table `alias`
--

LOCK TABLES `alias` WRITE;
/*!40000 ALTER TABLE `alias` DISABLE KEYS */;
INSERT INTO `alias` VALUES (1,'alamanda',1,'2022-02-22 03:11:19'),(4,'alamanda text',7,'2022-08-01 04:11:29');
/*!40000 ALTER TABLE `alias` ENABLE KEYS */;
UNLOCK TABLES;

--
-- Table structure for table `data_1560399572`
--

DROP TABLE IF EXISTS `data_1560399572`;
/*!40101 SET @saved_cs_client     = @@character_set_client */;
/*!40101 SET character_set_client = utf8 */;
CREATE TABLE `data_1560399572` (
  `id_a_stand` int(255) NOT NULL AUTO_INCREMENT,
  `date_a_created` datetime DEFAULT NULL,
  `phone` varchar(255) DEFAULT NULL,
  `id` varchar(255) DEFAULT NULL,
  `email` varchar(255) DEFAULT NULL,
  `name` varchar(255) DEFAULT NULL,
  PRIMARY KEY (`id_a_stand`)
) ENGINE=InnoDB AUTO_INCREMENT=17 DEFAULT CHARSET=latin1;
/*!40101 SET character_set_client = @saved_cs_client */;

--
-- Dumping data for table `data_1560399572`
--

LOCK TABLES `data_1560399572` WRITE;
/*!40000 ALTER TABLE `data_1560399572` DISABLE KEYS */;
INSERT INTO `data_1560399572` VALUES (1,'2022-02-19 10:07:24','891818117','1','muthuks@gmail.com','Sun1'),(2,'2022-02-17 10:07:24','891818117','2','muthuks@gmail.com','Sun2'),(3,'2022-02-17 10:07:24','891818117','3','muthuks@gmail.com','Sun3'),(4,'2022-02-16 10:07:24','891818117','4','eka4@gmail.com','eka4'),(5,'2022-02-16 10:07:24','891818117','5','eka5@gmail.com','eka5'),(6,'2022-02-15 10:07:24','891818117','6','eka6@gmail.com','eka6'),(7,'2022-02-15 10:07:23','45634563456356','1','undefined','ekatest'),(8,'2022-02-13 10:07:23','3456','2','undefined','ak'),(9,'2022-02-11 10:07:23','345634563456','3','undefined','ao'),(10,'2022-02-11 10:07:22','34563456','4','undefined','ea'),(11,'2022-02-11 10:07:22','34563456','5','undefined','baba'),(12,'2022-02-10 10:07:22','34563456','6','undefined','babr'),(13,'2022-02-17 10:07:24','345634563456','7','undefined','babi'),(14,'2022-02-17 10:07:24','4563456','8','undefined','redant'),(15,'2022-02-17 10:07:24','3453456356','9','undefined','dat'),(16,'2022-02-17 10:07:24','563456','10','undefined','random');
/*!40000 ALTER TABLE `data_1560399572` ENABLE KEYS */;
UNLOCK TABLES;

--
-- Table structure for table `data_1561188448`
--

DROP TABLE IF EXISTS `data_1561188448`;
/*!40101 SET @saved_cs_client     = @@character_set_client */;
/*!40101 SET character_set_client = utf8 */;
CREATE TABLE `data_1561188448` (
  `id_a_stand` int(255) NOT NULL AUTO_INCREMENT,
  `date_a_created` datetime DEFAULT NULL,
  `phone` varchar(255) DEFAULT NULL,
  `id` varchar(255) DEFAULT NULL,
  `email` varchar(255) DEFAULT NULL,
  `name` varchar(255) DEFAULT NULL,
  PRIMARY KEY (`id_a_stand`)
) ENGINE=InnoDB AUTO_INCREMENT=5 DEFAULT CHARSET=latin1;
/*!40101 SET character_set_client = @saved_cs_client */;

--
-- Dumping data for table `data_1561188448`
--

LOCK TABLES `data_1561188448` WRITE;
/*!40000 ALTER TABLE `data_1561188448` DISABLE KEYS */;
INSERT INTO `data_1561188448` VALUES (1,'2022-02-22 03:21:28','891818117','1','eka1@gmail.com','Sun1'),(2,'2022-02-22 03:21:28','89181811345','2','eka2@gmail.com','Sun1'),(3,'2022-02-22 03:21:28','8918186666','3','muthuks@gmail.com','Sun3'),(4,'2022-02-22 03:21:28','8918186666','3','muthuks@gmail.com','Sun3');
/*!40000 ALTER TABLE `data_1561188448` ENABLE KEYS */;
UNLOCK TABLES;

--
-- Table structure for table `data_1564645567`
--

DROP TABLE IF EXISTS `data_1564645567`;
/*!40101 SET @saved_cs_client     = @@character_set_client */;
/*!40101 SET character_set_client = utf8 */;
CREATE TABLE `data_1564645567` (
  `id_a_stand` int(255) NOT NULL AUTO_INCREMENT,
  `date_a_created` datetime DEFAULT NULL,
  `date` varchar(255) DEFAULT NULL,
  `email` varchar(255) DEFAULT NULL,
  `testing` varchar(255) DEFAULT NULL,
  PRIMARY KEY (`id_a_stand`)
) ENGINE=InnoDB AUTO_INCREMENT=32 DEFAULT CHARSET=latin1;
/*!40101 SET character_set_client = @saved_cs_client */;

--
-- Dumping data for table `data_1564645567`
--

LOCK TABLES `data_1564645567` WRITE;
/*!40000 ALTER TABLE `data_1564645567` DISABLE KEYS */;
INSERT INTO `data_1564645567` VALUES (1,'2022-08-01 03:40:29','9/9/19','muthuks@hotmail.com','ids'),(2,'2022-08-01 03:40:29','9/9/19','muthuks@hotmail.com','ids'),(3,'2022-08-01 03:40:29','9/9/19','muthuks@hotmail.com','ids'),(4,'2022-08-01 03:40:29','9/9/19','muthuks@hotmail.com','ids'),(5,'2022-08-01 03:40:29','9/9/19','muthuks@hotmail.com','ids'),(6,'2022-08-01 03:40:29','9/9/19','muthuks@hotmail.com','ids'),(7,'2022-08-01 03:40:29','9/9/19','muthuks@hotmail.com','ids'),(8,'2022-08-01 03:40:29','9/9/19','muthuks@hotmail.com','ids'),(9,'2022-08-01 03:40:29','9/9/19','muthuks@hotmail.com','ids'),(10,'2022-08-01 03:40:29','9/9/19','muthuks@hotmail.com','ids'),(11,'2022-08-01 03:40:29','9/9/19','muthuks@hotmail.com','ids'),(12,'2022-08-01 03:40:29','9/9/19','muthuks@hotmail.com','ids'),(13,'2022-08-01 03:40:29','9/9/19','muthuks@hotmail.com','ids'),(14,'2022-08-01 03:40:29','9/9/19','muthuks@hotmail.com','ids'),(15,'2022-08-01 03:40:29','9/9/19','muthuks@hotmail.com','ids'),(16,'2022-08-01 03:40:29','9/9/19','muthuks@hotmail.com','ids'),(17,'2022-08-01 03:40:29','9/9/19','muthuks1@gmail.com','ids'),(18,'2022-08-01 03:40:29','9/9/19','muthuks1@gmail.com','ids'),(19,'2022-08-01 03:40:29','9/9/19','muthuks1@gmail.com','ids'),(20,'2022-08-01 03:40:29','9/9/19','muthuks1@gmail.com','ids'),(21,'2022-08-01 03:40:29','9/9/19','muthuks1@gmail.com','ids'),(22,'2022-08-01 03:40:29','9/9/19','muthuks3@gmail.com','ids'),(23,'2022-08-01 03:40:29','9/9/19','muthuks3@gmail.com','ids'),(24,'2022-08-01 03:40:29','9/9/19','muthuks3@gmail.com','ids'),(25,'2022-08-01 03:40:29','9/9/19','muthuks3@gmail.com','ids'),(26,'2022-08-01 03:40:29','9/9/19','muthuks3@gmail.com','ids'),(27,'2022-08-01 03:40:29','9/9/19','muthuks3@gmail.com','idx'),(28,'2022-08-01 03:40:29','9/9/19','muthuks3@gmail.com','idx'),(29,'2022-08-01 03:40:29','9/9/19','muthuks3@gmail.com','idx'),(30,'2022-08-01 03:40:29','9/9/19','muthuks3@gmail.com','idx'),(31,'2022-08-01 03:40:29','9/9/19','muthuks3@gmail.com','idx');
/*!40000 ALTER TABLE `data_1564645567` ENABLE KEYS */;
UNLOCK TABLES;

--
-- Table structure for table `data_1564646251`
--

DROP TABLE IF EXISTS `data_1564646251`;
/*!40101 SET @saved_cs_client     = @@character_set_client */;
/*!40101 SET character_set_client = utf8 */;
CREATE TABLE `data_1564646251` (
  `id_a_stand` int(255) NOT NULL AUTO_INCREMENT,
  `date_a_created` datetime DEFAULT NULL,
  `date` varchar(255) DEFAULT NULL,
  `email` varchar(255) DEFAULT NULL,
  `testing` varchar(255) DEFAULT NULL,
  PRIMARY KEY (`id_a_stand`)
) ENGINE=InnoDB AUTO_INCREMENT=32 DEFAULT CHARSET=latin1;
/*!40101 SET character_set_client = @saved_cs_client */;

--
-- Dumping data for table `data_1564646251`
--

LOCK TABLES `data_1564646251` WRITE;
/*!40000 ALTER TABLE `data_1564646251` DISABLE KEYS */;
INSERT INTO `data_1564646251` VALUES (1,'2022-08-01 03:57:12','9/9/19','muthuks@hotmail.com','ids'),(2,'2022-08-01 03:57:12','9/9/19','muthuks@hotmail.com','ids'),(3,'2022-08-01 03:57:12','9/9/19','muthuks@hotmail.com','ids'),(4,'2022-08-01 03:57:12','9/9/19','muthuks@hotmail.com','ids'),(5,'2022-08-01 03:57:12','9/9/19','muthuks@hotmail.com','ids'),(6,'2022-08-01 03:57:12','9/9/19','muthuks@hotmail.com','ids'),(7,'2022-08-01 03:57:12','9/9/19','muthuks@hotmail.com','ids'),(8,'2022-08-01 03:57:12','9/9/19','muthuks@hotmail.com','ids'),(9,'2022-08-01 03:57:12','9/9/19','muthuks@hotmail.com','ids'),(10,'2022-08-01 03:57:12','9/9/19','muthuks@hotmail.com','ids'),(11,'2022-08-01 03:57:12','9/9/19','muthuks@hotmail.com','ids'),(12,'2022-08-01 03:57:12','9/9/19','muthuks@hotmail.com','ids'),(13,'2022-08-01 03:57:12','9/9/19','muthuks@hotmail.com','ids'),(14,'2022-08-01 03:57:12','9/9/19','muthuks@hotmail.com','ids'),(15,'2022-08-01 03:57:12','9/9/19','muthuks@hotmail.com','ids'),(16,'2022-08-01 03:57:12','9/9/19','muthuks@hotmail.com','ids'),(17,'2022-08-01 03:57:12','9/9/19','muthuks1@gmail.com','ids'),(18,'2022-08-01 03:57:12','9/9/19','muthuks1@gmail.com','ids'),(19,'2022-08-01 03:57:12','9/9/19','muthuks1@gmail.com','ids'),(20,'2022-08-01 03:57:12','9/9/19','muthuks1@gmail.com','ids'),(21,'2022-08-01 03:57:12','9/9/19','muthuks1@gmail.com','ids'),(22,'2022-08-01 03:57:12','9/9/19','muthuks3@gmail.com','ids'),(23,'2022-08-01 03:57:12','9/9/19','muthuks3@gmail.com','ids'),(24,'2022-08-01 03:57:12','9/9/19','muthuks3@gmail.com','ids'),(25,'2022-08-01 03:57:12','9/9/19','muthuks3@gmail.com','ids'),(26,'2022-08-01 03:57:12','9/9/19','muthuks3@gmail.com','ids'),(27,'2022-08-01 03:57:12','9/9/19','muthuks3@gmail.com','idx'),(28,'2022-08-01 03:57:12','9/9/19','muthuks3@gmail.com','idx'),(29,'2022-08-01 03:57:12','9/9/19','muthuks3@gmail.com','idx'),(30,'2022-08-01 03:57:12','9/9/19','muthuks3@gmail.com','idx'),(31,'2022-08-01 03:57:12','9/9/19','muthuks3@gmail.com','idx');
/*!40000 ALTER TABLE `data_1564646251` ENABLE KEYS */;
UNLOCK TABLES;

--
-- Table structure for table `data_1564646463`
--

DROP TABLE IF EXISTS `data_1564646463`;
/*!40101 SET @saved_cs_client     = @@character_set_client */;
/*!40101 SET character_set_client = utf8 */;
CREATE TABLE `data_1564646463` (
  `id_a_stand` int(255) NOT NULL AUTO_INCREMENT,
  `date_a_created` datetime DEFAULT NULL,
  `date` varchar(255) DEFAULT NULL,
  `email` varchar(255) DEFAULT NULL,
  `testing` varchar(255) DEFAULT NULL,
  PRIMARY KEY (`id_a_stand`)
) ENGINE=InnoDB AUTO_INCREMENT=32 DEFAULT CHARSET=latin1;
/*!40101 SET character_set_client = @saved_cs_client */;

--
-- Dumping data for table `data_1564646463`
--

LOCK TABLES `data_1564646463` WRITE;
/*!40000 ALTER TABLE `data_1564646463` DISABLE KEYS */;
INSERT INTO `data_1564646463` VALUES (1,'2022-08-01 03:59:55','9/9/19','muthuks@hotmail.com','ids'),(2,'2022-08-01 03:59:55','9/9/19','muthuks@hotmail.com','ids'),(3,'2022-08-01 03:59:55','9/9/19','muthuks@hotmail.com','ids'),(4,'2022-08-01 03:59:55','9/9/19','muthuks@hotmail.com','ids'),(5,'2022-08-01 03:59:55','9/9/19','muthuks@hotmail.com','ids'),(6,'2022-08-01 03:59:55','9/9/19','muthuks@hotmail.com','ids'),(7,'2022-08-01 03:59:55','9/9/19','muthuks@hotmail.com','ids'),(8,'2022-08-01 03:59:55','9/9/19','muthuks@hotmail.com','ids'),(9,'2022-08-01 03:59:55','9/9/19','muthuks@hotmail.com','ids'),(10,'2022-08-01 03:59:55','9/9/19','muthuks@hotmail.com','ids'),(11,'2022-08-01 03:59:55','9/9/19','muthuks@hotmail.com','ids'),(12,'2022-08-01 03:59:55','9/9/19','muthuks@hotmail.com','ids'),(13,'2022-08-01 03:59:55','9/9/19','muthuks@hotmail.com','ids'),(14,'2022-08-01 03:59:55','9/9/19','muthuks@hotmail.com','ids'),(15,'2022-08-01 03:59:55','9/9/19','muthuks@hotmail.com','ids'),(16,'2022-08-01 03:59:55','9/9/19','muthuks@hotmail.com','ids'),(17,'2022-08-01 03:59:55','9/9/19','muthuks1@gmail.com','ids'),(18,'2022-08-01 03:59:55','9/9/19','muthuks1@gmail.com','ids'),(19,'2022-08-01 03:59:55','9/9/19','muthuks1@gmail.com','ids'),(20,'2022-08-01 03:59:55','9/9/19','muthuks1@gmail.com','ids'),(21,'2022-08-01 03:59:55','9/9/19','muthuks1@gmail.com','ids'),(22,'2022-08-01 03:59:55','9/9/19','muthuks3@gmail.com','ids'),(23,'2022-08-01 03:59:55','9/9/19','muthuks3@gmail.com','ids'),(24,'2022-08-01 03:59:55','9/9/19','muthuks3@gmail.com','ids'),(25,'2022-08-01 03:59:55','9/9/19','muthuks3@gmail.com','ids'),(26,'2022-08-01 03:59:55','9/9/19','muthuks3@gmail.com','ids'),(27,'2022-08-01 03:59:55','9/9/19','muthuks3@gmail.com','idx'),(28,'2022-08-01 03:59:55','9/9/19','muthuks3@gmail.com','idx'),(29,'2022-08-01 03:59:55','9/9/19','muthuks3@gmail.com','idx'),(30,'2022-08-01 03:59:55','9/9/19','muthuks3@gmail.com','idx'),(31,'2022-08-01 03:59:55','9/9/19','muthuks3@gmail.com','idx');
/*!40000 ALTER TABLE `data_1564646463` ENABLE KEYS */;
UNLOCK TABLES;

--
-- Table structure for table `data_1564646625`
--

DROP TABLE IF EXISTS `data_1564646625`;
/*!40101 SET @saved_cs_client     = @@character_set_client */;
/*!40101 SET character_set_client = utf8 */;
CREATE TABLE `data_1564646625` (
  `id_a_stand` int(255) NOT NULL AUTO_INCREMENT,
  `date_a_created` datetime DEFAULT NULL,
  `date` varchar(255) DEFAULT NULL,
  `email` varchar(255) DEFAULT NULL,
  `testing` varchar(255) DEFAULT NULL,
  PRIMARY KEY (`id_a_stand`)
) ENGINE=InnoDB AUTO_INCREMENT=249 DEFAULT CHARSET=latin1;
/*!40101 SET character_set_client = @saved_cs_client */;

--
-- Dumping data for table `data_1564646625`
--

LOCK TABLES `data_1564646625` WRITE;
/*!40000 ALTER TABLE `data_1564646625` DISABLE KEYS */;
INSERT INTO `data_1564646625` VALUES (1,'2022-08-01 04:03:33','9/9/19','muthuks@hotmail.com','ids'),(2,'2022-08-01 04:03:33','9/9/19','muthuks@hotmail.com','ids'),(3,'2022-08-01 04:03:33','9/9/19','muthuks@hotmail.com','ids'),(4,'2022-08-01 04:03:33','9/9/19','muthuks@hotmail.com','ids'),(5,'2022-08-01 04:03:33','9/9/19','muthuks@hotmail.com','ids'),(6,'2022-08-01 04:03:33','9/9/19','muthuks@hotmail.com','ids'),(7,'2022-08-01 04:03:33','9/9/19','muthuks@hotmail.com','ids'),(8,'2022-08-01 04:03:33','9/9/19','muthuks@hotmail.com','ids'),(9,'2022-08-01 04:03:33','9/9/19','muthuks@hotmail.com','ids'),(10,'2022-08-01 04:03:33','9/9/19','muthuks@hotmail.com','ids'),(11,'2022-08-01 04:03:33','9/9/19','muthuks@hotmail.com','ids'),(12,'2022-08-01 04:03:33','9/9/19','muthuks@hotmail.com','ids'),(13,'2022-08-01 04:03:33','9/9/19','muthuks@hotmail.com','ids'),(14,'2022-08-01 04:03:33','9/9/19','muthuks@hotmail.com','ids'),(15,'2022-08-01 04:03:33','9/9/19','muthuks@hotmail.com','ids'),(16,'2022-08-01 04:03:33','9/9/19','muthuks@hotmail.com','ids'),(17,'2022-08-01 04:03:33','9/9/19','muthuks1@gmail.com','ids'),(18,'2022-08-01 04:03:33','9/9/19','muthuks1@gmail.com','ids'),(19,'2022-08-01 04:03:33','9/9/19','muthuks1@gmail.com','ids'),(20,'2022-08-01 04:03:33','9/9/19','muthuks1@gmail.com','ids'),(21,'2022-08-01 04:03:33','9/9/19','muthuks1@gmail.com','ids'),(22,'2022-08-01 04:03:33','9/9/19','muthuks3@gmail.com','ids'),(23,'2022-08-01 04:03:33','9/9/19','muthuks3@gmail.com','ids'),(24,'2022-08-01 04:03:33','9/9/19','muthuks3@gmail.com','ids'),(25,'2022-08-01 04:03:33','9/9/19','muthuks3@gmail.com','ids'),(26,'2022-08-01 04:03:33','9/9/19','muthuks3@gmail.com','ids'),(27,'2022-08-01 04:03:33','9/9/19','muthuks3@gmail.com','idx'),(28,'2022-08-01 04:03:33','9/9/19','muthuks3@gmail.com','idx'),(29,'2022-08-01 04:03:33','9/9/19','muthuks3@gmail.com','idx'),(30,'2022-08-01 04:03:33','9/9/19','muthuks3@gmail.com','idx'),(31,'2022-08-01 04:03:33','9/9/19','muthuks3@gmail.com','idx'),(32,'2022-08-01 04:11:29','9/9/19','muthuks@hotmail.com','ids'),(33,'2022-08-01 04:11:29','9/9/19','muthuks@hotmail.com','ids'),(34,'2022-08-01 04:11:29','9/9/19','muthuks@hotmail.com','ids'),(35,'2022-08-01 04:11:29','9/9/19','muthuks@hotmail.com','ids'),(36,'2022-08-01 04:11:29','9/9/19','muthuks@hotmail.com','ids'),(37,'2022-08-01 04:11:29','9/9/19','muthuks@hotmail.com','ids'),(38,'2022-08-01 04:11:29','9/9/19','muthuks@hotmail.com','ids'),(39,'2022-08-01 04:11:29','9/9/19','muthuks@hotmail.com','ids'),(40,'2022-08-01 04:11:29','9/9/19','muthuks@hotmail.com','ids'),(41,'2022-08-01 04:11:29','9/9/19','muthuks@hotmail.com','ids'),(42,'2022-08-01 04:11:29','9/9/19','muthuks@hotmail.com','ids'),(43,'2022-08-01 04:11:29','9/9/19','muthuks@hotmail.com','ids'),(44,'2022-08-01 04:11:29','9/9/19','muthuks@hotmail.com','ids'),(45,'2022-08-01 04:11:29','9/9/19','muthuks@hotmail.com','ids'),(46,'2022-08-01 04:11:29','9/9/19','muthuks@hotmail.com','ids'),(47,'2022-08-01 04:11:29','9/9/19','muthuks@hotmail.com','ids'),(48,'2022-08-01 04:11:29','9/9/19','muthuks1@gmail.com','ids'),(49,'2022-08-01 04:11:29','9/9/19','muthuks1@gmail.com','ids'),(50,'2022-08-01 04:11:29','9/9/19','muthuks1@gmail.com','ids'),(51,'2022-08-01 04:11:29','9/9/19','muthuks1@gmail.com','ids'),(52,'2022-08-01 04:11:29','9/9/19','muthuks1@gmail.com','ids'),(53,'2022-08-01 04:11:29','9/9/19','muthuks3@gmail.com','ids'),(54,'2022-08-01 04:11:29','9/9/19','muthuks3@gmail.com','ids'),(55,'2022-08-01 04:11:29','9/9/19','muthuks3@gmail.com','ids'),(56,'2022-08-01 04:11:29','9/9/19','muthuks3@gmail.com','ids'),(57,'2022-08-01 04:11:29','9/9/19','muthuks3@gmail.com','ids'),(58,'2022-08-01 04:11:29','9/9/19','muthuks3@gmail.com','idx'),(59,'2022-08-01 04:11:29','9/9/19','muthuks3@gmail.com','idx'),(60,'2022-08-01 04:11:29','9/9/19','muthuks3@gmail.com','idx'),(61,'2022-08-01 04:11:29','9/9/19','muthuks3@gmail.com','idx'),(62,'2022-08-01 04:11:29','9/9/19','muthuks3@gmail.com','idx'),(63,'2022-08-05 10:18:26','9/9/19','muthuks@hotmail.com','ids'),(64,'2022-08-05 10:18:26','9/9/19','muthuks@hotmail.com','ids'),(65,'2022-08-05 10:18:26','9/9/19','muthuks@hotmail.com','ids'),(66,'2022-08-05 10:18:26','9/9/19','muthuks@hotmail.com','ids'),(67,'2022-08-05 10:18:26','9/9/19','muthuks@hotmail.com','ids'),(68,'2022-08-05 10:18:26','9/9/19','muthuks@hotmail.com','ids'),(69,'2022-08-05 10:18:26','9/9/19','muthuks@hotmail.com','ids'),(70,'2022-08-05 10:18:26','9/9/19','muthuks@hotmail.com','ids'),(71,'2022-08-05 10:18:26','9/9/19','muthuks@hotmail.com','ids'),(72,'2022-08-05 10:18:26','9/9/19','muthuks@hotmail.com','ids'),(73,'2022-08-05 10:18:26','9/9/19','muthuks@hotmail.com','ids'),(74,'2022-08-05 10:18:26','9/9/19','muthuks@hotmail.com','ids'),(75,'2022-08-05 10:18:26','9/9/19','muthuks@hotmail.com','ids'),(76,'2022-08-05 10:18:26','9/9/19','muthuks@hotmail.com','ids'),(77,'2022-08-05 10:18:26','9/9/19','muthuks@hotmail.com','ids'),(78,'2022-08-05 10:18:26','9/9/19','muthuks@hotmail.com','ids'),(79,'2022-08-05 10:18:26','9/9/19','muthuks1@gmail.com','ids'),(80,'2022-08-05 10:18:26','9/9/19','muthuks1@gmail.com','ids'),(81,'2022-08-05 10:18:26','9/9/19','muthuks1@gmail.com','ids'),(82,'2022-08-05 10:18:26','9/9/19','muthuks1@gmail.com','ids'),(83,'2022-08-05 10:18:26','9/9/19','muthuks1@gmail.com','ids'),(84,'2022-08-05 10:18:26','9/9/19','muthuks3@gmail.com','ids'),(85,'2022-08-05 10:18:26','9/9/19','muthuks3@gmail.com','ids'),(86,'2022-08-05 10:18:26','9/9/19','muthuks3@gmail.com','ids'),(87,'2022-08-05 10:18:26','9/9/19','muthuks3@gmail.com','ids'),(88,'2022-08-05 10:18:26','9/9/19','muthuks3@gmail.com','ids'),(89,'2022-08-05 10:18:26','9/9/19','muthuks3@gmail.com','idx'),(90,'2022-08-05 10:18:26','9/9/19','muthuks3@gmail.com','idx'),(91,'2022-08-05 10:18:26','9/9/19','muthuks3@gmail.com','idx'),(92,'2022-08-05 10:18:26','9/9/19','muthuks3@gmail.com','idx'),(93,'2022-08-05 10:18:26','9/9/19','muthuks3@gmail.com','idx'),(94,'2022-08-05 10:18:26','9/9/19','muthuks@hotmail.com','ids'),(95,'2022-08-05 10:18:26','9/9/19','muthuks@hotmail.com','ids'),(96,'2022-08-05 10:18:26','9/9/19','muthuks@hotmail.com','ids'),(97,'2022-08-05 10:18:26','9/9/19','muthuks@hotmail.com','ids'),(98,'2022-08-05 10:18:26','9/9/19','muthuks@hotmail.com','ids'),(99,'2022-08-05 10:18:26','9/9/19','muthuks@hotmail.com','ids'),(100,'2022-08-05 10:18:26','9/9/19','muthuks@hotmail.com','ids'),(101,'2022-08-05 10:18:26','9/9/19','muthuks@hotmail.com','ids'),(102,'2022-08-05 10:18:26','9/9/19','muthuks@hotmail.com','ids'),(103,'2022-08-05 10:18:26','9/9/19','muthuks@hotmail.com','ids'),(104,'2022-08-05 10:18:26','9/9/19','muthuks@hotmail.com','ids'),(105,'2022-08-05 10:18:26','9/9/19','muthuks@hotmail.com','ids'),(106,'2022-08-05 10:18:26','9/9/19','muthuks@hotmail.com','ids'),(107,'2022-08-05 10:18:26','9/9/19','muthuks@hotmail.com','ids'),(108,'2022-08-05 10:18:26','9/9/19','muthuks@hotmail.com','ids'),(109,'2022-08-05 10:18:26','9/9/19','muthuks@hotmail.com','ids'),(110,'2022-08-05 10:18:26','9/9/19','muthuks1@gmail.com','ids'),(111,'2022-08-05 10:18:26','9/9/19','muthuks1@gmail.com','ids'),(112,'2022-08-05 10:18:26','9/9/19','muthuks1@gmail.com','ids'),(113,'2022-08-05 10:18:26','9/9/19','muthuks1@gmail.com','ids'),(114,'2022-08-05 10:18:26','9/9/19','muthuks1@gmail.com','ids'),(115,'2022-08-05 10:18:26','9/9/19','muthuks3@gmail.com','ids'),(116,'2022-08-05 10:18:26','9/9/19','muthuks3@gmail.com','ids'),(117,'2022-08-05 10:18:26','9/9/19','muthuks3@gmail.com','ids'),(118,'2022-08-05 10:18:26','9/9/19','muthuks3@gmail.com','ids'),(119,'2022-08-05 10:18:26','9/9/19','muthuks3@gmail.com','ids'),(120,'2022-08-05 10:18:26','9/9/19','muthuks3@gmail.com','idx'),(121,'2022-08-05 10:18:26','9/9/19','muthuks3@gmail.com','idx'),(122,'2022-08-05 10:18:26','9/9/19','muthuks3@gmail.com','idx'),(123,'2022-08-05 10:18:26','9/9/19','muthuks3@gmail.com','idx'),(124,'2022-08-05 10:18:26','9/9/19','muthuks3@gmail.com','idx'),(125,'2022-08-05 10:18:26','9/9/19','muthuks@hotmail.com','ids'),(126,'2022-08-05 10:18:26','9/9/19','muthuks@hotmail.com','ids'),(127,'2022-08-05 10:18:26','9/9/19','muthuks@hotmail.com','ids'),(128,'2022-08-05 10:18:26','9/9/19','muthuks@hotmail.com','ids'),(129,'2022-08-05 10:18:26','9/9/19','muthuks@hotmail.com','ids'),(130,'2022-08-05 10:18:26','9/9/19','muthuks@hotmail.com','ids'),(131,'2022-08-05 10:18:26','9/9/19','muthuks@hotmail.com','ids'),(132,'2022-08-05 10:18:26','9/9/19','muthuks@hotmail.com','ids'),(133,'2022-08-05 10:18:26','9/9/19','muthuks@hotmail.com','ids'),(134,'2022-08-05 10:18:26','9/9/19','muthuks@hotmail.com','ids'),(135,'2022-08-05 10:18:26','9/9/19','muthuks@hotmail.com','ids'),(136,'2022-08-05 10:18:26','9/9/19','muthuks@hotmail.com','ids'),(137,'2022-08-05 10:18:26','9/9/19','muthuks@hotmail.com','ids'),(138,'2022-08-05 10:18:26','9/9/19','muthuks@hotmail.com','ids'),(139,'2022-08-05 10:18:26','9/9/19','muthuks@hotmail.com','ids'),(140,'2022-08-05 10:18:26','9/9/19','muthuks@hotmail.com','ids'),(141,'2022-08-05 10:18:26','9/9/19','muthuks1@gmail.com','ids'),(142,'2022-08-05 10:18:26','9/9/19','muthuks1@gmail.com','ids'),(143,'2022-08-05 10:18:26','9/9/19','muthuks1@gmail.com','ids'),(144,'2022-08-05 10:18:26','9/9/19','muthuks1@gmail.com','ids'),(145,'2022-08-05 10:18:26','9/9/19','muthuks1@gmail.com','ids'),(146,'2022-08-05 10:18:26','9/9/19','muthuks3@gmail.com','ids'),(147,'2022-08-05 10:18:26','9/9/19','muthuks3@gmail.com','ids'),(148,'2022-08-05 10:18:26','9/9/19','muthuks3@gmail.com','ids'),(149,'2022-08-05 10:18:26','9/9/19','muthuks3@gmail.com','ids'),(150,'2022-08-05 10:18:26','9/9/19','muthuks3@gmail.com','ids'),(151,'2022-08-05 10:18:26','9/9/19','muthuks3@gmail.com','idx'),(152,'2022-08-05 10:18:26','9/9/19','muthuks3@gmail.com','idx'),(153,'2022-08-05 10:18:26','9/9/19','muthuks3@gmail.com','idx'),(154,'2022-08-05 10:18:26','9/9/19','muthuks3@gmail.com','idx'),(155,'2022-08-05 10:18:26','9/9/19','muthuks3@gmail.com','idx'),(156,'2022-08-05 10:26:22','9/9/19','muthuks@hotmail.com','ids'),(157,'2022-08-05 10:26:22','9/9/19','muthuks@hotmail.com','ids'),(158,'2022-08-05 10:26:22','9/9/19','muthuks@hotmail.com','ids'),(159,'2022-08-05 10:26:22','9/9/19','muthuks@hotmail.com','ids'),(160,'2022-08-05 10:26:22','9/9/19','muthuks@hotmail.com','ids'),(161,'2022-08-05 10:26:22','9/9/19','muthuks@hotmail.com','ids'),(162,'2022-08-05 10:26:22','9/9/19','muthuks@hotmail.com','ids'),(163,'2022-08-05 10:26:22','9/9/19','muthuks@hotmail.com','ids'),(164,'2022-08-05 10:26:22','9/9/19','muthuks@hotmail.com','ids'),(165,'2022-08-05 10:26:22','9/9/19','muthuks@hotmail.com','ids'),(166,'2022-08-05 10:26:22','9/9/19','muthuks@hotmail.com','ids'),(167,'2022-08-05 10:26:22','9/9/19','muthuks@hotmail.com','ids'),(168,'2022-08-05 10:26:22','9/9/19','muthuks@hotmail.com','ids'),(169,'2022-08-05 10:26:22','9/9/19','muthuks@hotmail.com','ids'),(170,'2022-08-05 10:26:22','9/9/19','muthuks@hotmail.com','ids'),(171,'2022-08-05 10:26:22','9/9/19','muthuks@hotmail.com','ids'),(172,'2022-08-05 10:26:22','9/9/19','muthuks1@gmail.com','ids'),(173,'2022-08-05 10:26:22','9/9/19','muthuks1@gmail.com','ids'),(174,'2022-08-05 10:26:22','9/9/19','muthuks1@gmail.com','ids'),(175,'2022-08-05 10:26:22','9/9/19','muthuks1@gmail.com','ids'),(176,'2022-08-05 10:26:22','9/9/19','muthuks1@gmail.com','ids'),(177,'2022-08-05 10:26:22','9/9/19','muthuks3@gmail.com','ids'),(178,'2022-08-05 10:26:22','9/9/19','muthuks3@gmail.com','ids'),(179,'2022-08-05 10:26:22','9/9/19','muthuks3@gmail.com','ids'),(180,'2022-08-05 10:26:22','9/9/19','muthuks3@gmail.com','ids'),(181,'2022-08-05 10:26:22','9/9/19','muthuks3@gmail.com','ids'),(182,'2022-08-05 10:26:22','9/9/19','muthuks3@gmail.com','idx'),(183,'2022-08-05 10:26:22','9/9/19','muthuks3@gmail.com','idx'),(184,'2022-08-05 10:26:22','9/9/19','muthuks3@gmail.com','idx'),(185,'2022-08-05 10:26:22','9/9/19','muthuks3@gmail.com','idx'),(186,'2022-08-05 10:26:22','9/9/19','muthuks3@gmail.com','idx'),(187,'2022-08-05 10:26:22','9/9/19','muthuks@hotmail.com','ids'),(188,'2022-08-05 10:26:22','9/9/19','muthuks@hotmail.com','ids'),(189,'2022-08-05 10:26:22','9/9/19','muthuks@hotmail.com','ids'),(190,'2022-08-05 10:26:22','9/9/19','muthuks@hotmail.com','ids'),(191,'2022-08-05 10:26:22','9/9/19','muthuks@hotmail.com','ids'),(192,'2022-08-05 10:26:22','9/9/19','muthuks@hotmail.com','ids'),(193,'2022-08-05 10:26:22','9/9/19','muthuks@hotmail.com','ids'),(194,'2022-08-05 10:26:22','9/9/19','muthuks@hotmail.com','ids'),(195,'2022-08-05 10:26:22','9/9/19','muthuks@hotmail.com','ids'),(196,'2022-08-05 10:26:22','9/9/19','muthuks@hotmail.com','ids'),(197,'2022-08-05 10:26:22','9/9/19','muthuks@hotmail.com','ids'),(198,'2022-08-05 10:26:22','9/9/19','muthuks@hotmail.com','ids'),(199,'2022-08-05 10:26:22','9/9/19','muthuks@hotmail.com','ids'),(200,'2022-08-05 10:26:22','9/9/19','muthuks@hotmail.com','ids'),(201,'2022-08-05 10:26:22','9/9/19','muthuks@hotmail.com','ids'),(202,'2022-08-05 10:26:22','9/9/19','muthuks@hotmail.com','ids'),(203,'2022-08-05 10:26:22','9/9/19','muthuks1@gmail.com','ids'),(204,'2022-08-05 10:26:22','9/9/19','muthuks1@gmail.com','ids'),(205,'2022-08-05 10:26:22','9/9/19','muthuks1@gmail.com','ids'),(206,'2022-08-05 10:26:22','9/9/19','muthuks1@gmail.com','ids'),(207,'2022-08-05 10:26:22','9/9/19','muthuks1@gmail.com','ids'),(208,'2022-08-05 10:26:22','9/9/19','muthuks3@gmail.com','ids'),(209,'2022-08-05 10:26:22','9/9/19','muthuks3@gmail.com','ids'),(210,'2022-08-05 10:26:22','9/9/19','muthuks3@gmail.com','ids'),(211,'2022-08-05 10:26:22','9/9/19','muthuks3@gmail.com','ids'),(212,'2022-08-05 10:26:22','9/9/19','muthuks3@gmail.com','ids'),(213,'2022-08-05 10:26:22','9/9/19','muthuks3@gmail.com','idx'),(214,'2022-08-05 10:26:22','9/9/19','muthuks3@gmail.com','idx'),(215,'2022-08-05 10:26:22','9/9/19','muthuks3@gmail.com','idx'),(216,'2022-08-05 10:26:22','9/9/19','muthuks3@gmail.com','idx'),(217,'2022-08-05 10:26:22','9/9/19','muthuks3@gmail.com','idx'),(218,'2022-08-05 10:26:22','9/9/19','muthuks@hotmail.com','ids'),(219,'2022-08-05 10:26:22','9/9/19','muthuks@hotmail.com','ids'),(220,'2022-08-05 10:26:22','9/9/19','muthuks@hotmail.com','ids'),(221,'2022-08-05 10:26:22','9/9/19','muthuks@hotmail.com','ids'),(222,'2022-08-05 10:26:22','9/9/19','muthuks@hotmail.com','ids'),(223,'2022-08-05 10:26:22','9/9/19','muthuks@hotmail.com','ids'),(224,'2022-08-05 10:26:22','9/9/19','muthuks@hotmail.com','ids'),(225,'2022-08-05 10:26:22','9/9/19','muthuks@hotmail.com','ids'),(226,'2022-08-05 10:26:22','9/9/19','muthuks@hotmail.com','ids'),(227,'2022-08-05 10:26:22','9/9/19','muthuks@hotmail.com','ids'),(228,'2022-08-05 10:26:22','9/9/19','muthuks@hotmail.com','ids'),(229,'2022-08-05 10:26:22','9/9/19','muthuks@hotmail.com','ids'),(230,'2022-08-05 10:26:22','9/9/19','muthuks@hotmail.com','ids'),(231,'2022-08-05 10:26:22','9/9/19','muthuks@hotmail.com','ids'),(232,'2022-08-05 10:26:22','9/9/19','muthuks@hotmail.com','ids'),(233,'2022-08-05 10:26:22','9/9/19','muthuks@hotmail.com','ids'),(234,'2022-08-05 10:26:22','9/9/19','muthuks1@gmail.com','ids'),(235,'2022-08-05 10:26:22','9/9/19','muthuks1@gmail.com','ids'),(236,'2022-08-05 10:26:22','9/9/19','muthuks1@gmail.com','ids'),(237,'2022-08-05 10:26:22','9/9/19','muthuks1@gmail.com','ids'),(238,'2022-08-05 10:26:22','9/9/19','muthuks1@gmail.com','ids'),(239,'2022-08-05 10:26:22','9/9/19','muthuks3@gmail.com','ids'),(240,'2022-08-05 10:26:22','9/9/19','muthuks3@gmail.com','ids'),(241,'2022-08-05 10:26:22','9/9/19','muthuks3@gmail.com','ids'),(242,'2022-08-05 10:26:22','9/9/19','muthuks3@gmail.com','ids'),(243,'2022-08-05 10:26:22','9/9/19','muthuks3@gmail.com','ids'),(244,'2022-08-05 10:26:22','9/9/19','muthuks3@gmail.com','idx'),(245,'2022-08-05 10:26:22','9/9/19','muthuks3@gmail.com','idx'),(246,'2022-08-05 10:26:22','9/9/19','muthuks3@gmail.com','idx'),(247,'2022-08-05 10:26:22','9/9/19','muthuks3@gmail.com','idx'),(248,'2022-08-05 10:26:22','9/9/19','muthuks3@gmail.com','idx');
/*!40000 ALTER TABLE `data_1564646625` ENABLE KEYS */;
UNLOCK TABLES;

--
-- Table structure for table `projectupld`
--

DROP TABLE IF EXISTS `projectupld`;
/*!40101 SET @saved_cs_client     = @@character_set_client */;
/*!40101 SET character_set_client = utf8 */;
CREATE TABLE `projectupld` (
  `id` int(100) NOT NULL AUTO_INCREMENT,
  `tb_name` varchar(200) DEFAULT NULL,
  `user_id` int(100) DEFAULT NULL,
  `created` datetime DEFAULT NULL,
  `updated` datetime DEFAULT NULL,
  PRIMARY KEY (`id`)
) ENGINE=InnoDB AUTO_INCREMENT=8 DEFAULT CHARSET=latin1;
/*!40101 SET character_set_client = @saved_cs_client */;

--
-- Dumping data for table `projectupld`
--

LOCK TABLES `projectupld` WRITE;
/*!40000 ALTER TABLE `projectupld` DISABLE KEYS */;
INSERT INTO `projectupld` VALUES (1,'data_1560399572',1,'2022-02-13 12:19:20','2022-02-17 10:07:24'),(2,'data_1561188448',1,'2022-02-22 03:21:28',NULL),(4,'data_1564645567',1,'2022-08-01 03:40:29',NULL),(5,'data_1564646251',1,'2022-08-01 03:57:12',NULL),(6,'data_1564646463',1,'2022-08-01 03:59:55',NULL),(7,'data_1564646625',1,'2022-08-01 04:03:33','2022-08-05 10:26:22');
/*!40000 ALTER TABLE `projectupld` ENABLE KEYS */;
UNLOCK TABLES;

--
-- Table structure for table `users`
--

DROP TABLE IF EXISTS `users`;
/*!40101 SET @saved_cs_client     = @@character_set_client */;
/*!40101 SET character_set_client = utf8 */;
CREATE TABLE `users` (
  `id` int(100) NOT NULL AUTO_INCREMENT,
  `name` varchar(255) DEFAULT NULL,
  `email` varchar(255) DEFAULT NULL,
  `username` varchar(100) DEFAULT NULL,
  `password` varchar(100) DEFAULT NULL,
  `date_created` datetime DEFAULT NULL,
  `token` varchar(255) DEFAULT NULL,
  PRIMARY KEY (`id`)
) ENGINE=InnoDB AUTO_INCREMENT=2 DEFAULT CHARSET=latin1;
/*!40101 SET character_set_client = @saved_cs_client */;

--
-- Dumping data for table `users`
--

LOCK TABLES `users` WRITE;
/*!40000 ALTER TABLE `users` DISABLE KEYS */;
INSERT INTO `users` VALUES (1,'muthu','muthuks@gmail.com','muthu','81dc9bdb52d04dc20036dbd8313ed055','2022-02-19 10:10:00',NULL);
/*!40000 ALTER TABLE `users` ENABLE KEYS */;
UNLOCK TABLES;
/*!40103 SET TIME_ZONE=@OLD_TIME_ZONE */;

/*!40101 SET SQL_MODE=@OLD_SQL_MODE */;
/*!40014 SET FOREIGN_KEY_CHECKS=@OLD_FOREIGN_KEY_CHECKS */;
/*!40014 SET UNIQUE_CHECKS=@OLD_UNIQUE_CHECKS */;
/*!40101 SET CHARACTER_SET_CLIENT=@OLD_CHARACTER_SET_CLIENT */;
/*!40101 SET CHARACTER_SET_RESULTS=@OLD_CHARACTER_SET_RESULTS */;
/*!40101 SET COLLATION_CONNECTION=@OLD_COLLATION_CONNECTION */;
/*!40111 SET SQL_NOTES=@OLD_SQL_NOTES */;

-- Dump completed on 2022-08-09 10:55:37
